﻿<?xml version="1.0" encoding="utf-8"?>
<KFunction xmlns:xsi="http://www.w3.org/2001/XMLSchema-instance" xmlns:xsd="http://www.w3.org/2001/XMLSchema">
  <Name>k2_ceil</Name>
  <ID>Math.k2_ceil</ID>
  <Category>Math</Category>
  <FunctionLevel>Product</FunctionLevel>
  <RegisterAsLuDbFunction>false</RegisterAsLuDbFunction>
  <SaveToDLUR>false</SaveToDLUR>
  <ApiFunction>false</ApiFunction>
  <RequiresLuReference>false</RequiresLuReference>
  <Desc>Round fractions up - Returns the next highest integer value by rounding up value if necessary.</Desc>
  <Auther name="" id="" />
  <Language>Java</Language>
  <FunctionBody>if(value == null)
	return null;
return java.lang.Math.ceil(value);</FunctionBody>
  <IsSyntaxValid>true</IsSyntaxValid>
  <InputParams>
    <Input name="value" id="fi.Math.k2_ceil.0" index="0" dataType="Double">
      <Comment />
    </Input>
  </InputParams>
  <OutputParams>
    <Output name="ceil" id="fo.Math.k2_ceil.0" index="0" dataType="Double">
      <Comment />
    </Output>
  </OutputParams>
</KFunction>