﻿<?xml version="1.0" encoding="utf-8"?>
<KFunction xmlns:xsi="http://www.w3.org/2001/XMLSchema-instance" xmlns:xsd="http://www.w3.org/2001/XMLSchema">
  <Name>k2_round</Name>
  <ID>Math.k2_round</ID>
  <Category>Math</Category>
  <FunctionLevel>Product</FunctionLevel>
  <RegisterAsLuDbFunction>false</RegisterAsLuDbFunction>
  <SaveToDLUR>false</SaveToDLUR>
  <ApiFunction>false</ApiFunction>
  <RequiresLuReference>false</RequiresLuReference>
  <Desc>Rounds a float - Returns the rounded value of val to specified precision (number of digits after the decimal point). precision can also be negative or zero (default).</Desc>
  <Auther name="" id="" />
  <Language>Java</Language>
  <FunctionBody>if (value==null || precision==null)
      return null;

java.math.BigDecimal bd = new java.math.BigDecimal(value);
bd = bd.setScale(precision, java.math.RoundingMode.HALF_UP);
return bd.doubleValue();</FunctionBody>
  <IsSyntaxValid>true</IsSyntaxValid>
  <InputParams>
    <Input name="value" id="fi.Math.k2_round.0" index="0" dataType="Double">
      <Comment />
    </Input>
    <Input name="precision" id="fi.Math.k2_round.1" index="1" dataType="Integer">
      <Comment />
    </Input>
  </InputParams>
  <OutputParams>
    <Output name="round" id="fo.Math.k2_round.0" index="0" dataType="Double">
      <Comment />
    </Output>
  </OutputParams>
</KFunction>