﻿<?xml version="1.0" encoding="utf-8"?>
<KFunction xmlns:xsi="http://www.w3.org/2001/XMLSchema-instance" xmlns:xsd="http://www.w3.org/2001/XMLSchema">
  <Name>k2_regexp_replace</Name>
  <ID>String.k2_regexp_replace</ID>
  <Category>String</Category>
  <FunctionLevel>Product</FunctionLevel>
  <RegisterAsLuDbFunction>false</RegisterAsLuDbFunction>
  <SaveToDLUR>false</SaveToDLUR>
  <ApiFunction>false</ApiFunction>
  <RequiresLuReference>false</RequiresLuReference>
  <Desc>Perform a regular expression search and replace</Desc>
  <Auther name="" id="" />
  <Language>Java</Language>
  <FunctionBody>if(pattern == null || subject == null || replacement == null)
	return null;
return subject.replaceAll(pattern, replacement);</FunctionBody>
  <IsSyntaxValid>true</IsSyntaxValid>
  <InputParams>
    <Input name="pattern" id="fi.String.k2_regexp_replace.0" index="0" dataType="String">
      <Comment />
    </Input>
    <Input name="replacement" id="fi.String.k2_regexp_replace.1" index="1" dataType="String">
      <Comment />
    </Input>
    <Input name="subject" id="fi.String.k2_regexp_replace.2" index="2" dataType="String">
      <Comment />
    </Input>
  </InputParams>
  <OutputParams>
    <Output name="output" id="fo.String.k2_regexp_replace.0" index="0" dataType="String">
      <Comment />
    </Output>
  </OutputParams>
</KFunction>