﻿<?xml version="1.0" encoding="utf-8"?>
<KFunction xmlns:xsi="http://www.w3.org/2001/XMLSchema-instance" xmlns:xsd="http://www.w3.org/2001/XMLSchema" version="3.4.0.6">
  <Name>tcktWS</Name>
  <ID>CAT1.tcktWS</ID>
  <Category>CAT1</Category>
  <FunctionLevel>Project</FunctionLevel>
  <FunctionType>WebService</FunctionType>
  <FunctionType2>WebService</FunctionType2>
  <RegisterAsLuDbFunction>false</RegisterAsLuDbFunction>
  <SaveToDLUR>false</SaveToDLUR>
  <ApiFunction>false</ApiFunction>
  <DecisionFunction>false</DecisionFunction>
  <RequiresLuReference>false</RequiresLuReference>
  <Desc />
  <Language>Java</Language>
  <FunctionBody>return "Peter";</FunctionBody>
  <IsSyntaxValid>true</IsSyntaxValid>
  <IsRootFunction>false</IsRootFunction>
  <InputParams />
  <OutputParams>
    <Output name="str" id="fo.CAT1.tcktWS.0" index="0" dataType="String" />
  </OutputParams>
</KFunction>